{
  "project_info": {
    "project_number": "866381047843",
    "firebase_url": "https://quickstartcafe.firebaseio.com",
    "project_id": "quickstartcafe",
    "storage_bucket": "quickstartcafe.appspot.com"
  },
  "client": [
    {
      "client_info": {
        "mobilesdk_app_id": "1:866381047843:android:bcd12c727dcf661beee996",
        "android_client_info": {
          "package_name": "com.example.hp.demo"
        }
      },
      "oauth_client": [
        {
          "client_id": "866381047843-vhh0rurti6md0chn99i05ff3v1l40cps.apps.googleusercontent.com",
          "client_type": 1,
          "android_info": {
            "package_name": "com.example.hp.demo",
            "certificate_hash": "2c74812ab9a54d7168aefec65c1b1eabbf2f474e"
          }
        },
        {
          "client_id": "866381047843-5s7uumvmcl7ukd6qe9spb94ck1rov57v.apps.googleusercontent.com",
          "client_type": 3
        }
      ],
      "api_key": [
        {
          "current_key": "AIzaSyChY07yx2oPyHflM2ftIVXF0QQz4phllOY"
        }
      ],
      "services": {
        "appinvite_service": {
          "other_platform_oauth_client": [
            {
              "client_id": "866381047843-5s7uumvmcl7ukd6qe9spb94ck1rov57v.apps.googleusercontent.com",
              "client_type": 3
            }
          ]
        }
      }
    }
  ],
  "configuration_version": "1"
}